Id,task_1,task_2
data\test\melanoma\ISIC_0012258.jpg,0.113147855,0.21891288
data\test\melanoma\ISIC_0012356.jpg,0.17591183,0.15635164
data\test\melanoma\ISIC_0012369.jpg,0.32292977,0.12447128
data\test\melanoma\ISIC_0012395.jpg,0.22832976,0.026844123
data\test\melanoma\ISIC_0012425.jpg,0.17291558,0.29551324
data\test\melanoma\ISIC_0012758.jpg,0.030518292,0.0048264437
data\test\melanoma\ISIC_0012989.jpg,0.094599016,0.10700815
data\test\melanoma\ISIC_0013072.jpg,0.40207437,0.2886138
data\test\melanoma\ISIC_0013073.jpg,0.500157,0.14700635
data\test\melanoma\ISIC_0013242.jpg,0.17735802,0.09444536
data\test\melanoma\ISIC_0013277.jpg,0.1711409,0.0881756
data\test\melanoma\ISIC_0013321.jpg,0.17720512,0.25178164
data\test\melanoma\ISIC_0013374.jpg,0.52480346,0.10022914
data\test\melanoma\ISIC_0013411.jpg,0.26799,0.52900255
data\test\melanoma\ISIC_0013414.jpg,0.071654595,0.07005813
data\test\melanoma\ISIC_0013455.jpg,0.4649421,0.041839328
data\test\melanoma\ISIC_0013457.jpg,0.4114781,0.079764284
data\test\melanoma\ISIC_0013459.jpg,0.10235294,0.039110497
data\test\melanoma\ISIC_0013472.jpg,0.33025208,0.24667738
data\test\melanoma\ISIC_0013473.jpg,0.3322922,0.54988575
data\test\melanoma\ISIC_0013565.jpg,0.23585868,0.24356946
data\test\melanoma\ISIC_0013577.jpg,0.2921681,0.4669385
data\test\melanoma\ISIC_0013588.jpg,0.27016464,0.29696342
data\test\melanoma\ISIC_0013615.jpg,0.418108,0.1472833
data\test\melanoma\ISIC_0013617.jpg,0.13979864,0.17436582
data\test\melanoma\ISIC_0013636.jpg,0.23684736,0.11830533
data\test\melanoma\ISIC_0013678.jpg,0.31373832,0.34371617
data\test\melanoma\ISIC_0013696.jpg,0.09296518,0.058453396
data\test\melanoma\ISIC_0013733.jpg,0.25223196,0.204236
data\test\melanoma\ISIC_0013739.jpg,0.104648195,0.32444045
data\test\melanoma\ISIC_0013766.jpg,0.1742518,0.055009026
data\test\melanoma\ISIC_0013767.jpg,0.18221542,0.1850717
data\test\melanoma\ISIC_0013813.jpg,0.3506996,0.26597345
data\test\melanoma\ISIC_0013814.jpg,0.22395498,0.23256393
data\test\melanoma\ISIC_0013833.jpg,0.47130188,0.25830305
data\test\melanoma\ISIC_0013842.jpg,0.13637118,0.14870374
data\test\melanoma\ISIC_0013867.jpg,0.32920218,0.105760515
data\test\melanoma\ISIC_0013908.jpg,0.4407822,0.17326309
data\test\melanoma\ISIC_0013917.jpg,0.14607309,0.034352373
data\test\melanoma\ISIC_0013925.jpg,0.085189514,0.84385896
data\test\melanoma\ISIC_0013948.jpg,0.24572216,0.11542257
data\test\melanoma\ISIC_0013953.jpg,0.18165794,0.36328843
data\test\melanoma\ISIC_0013987.jpg,0.43312684,0.26847473
data\test\melanoma\ISIC_0013988.jpg,0.32739916,0.31816563
data\test\melanoma\ISIC_0014027.jpg,0.097008586,0.26597375
data\test\melanoma\ISIC_0014059.jpg,0.073111266,0.0075372364
data\test\melanoma\ISIC_0014077.jpg,0.23132694,0.055472888
data\test\melanoma\ISIC_0014103.jpg,0.103435256,0.21084024
data\test\melanoma\ISIC_0014110.jpg,0.10610048,0.042165536
data\test\melanoma\ISIC_0014129.jpg,0.3065549,0.17304584
data\test\melanoma\ISIC_0014148.jpg,0.19444808,0.29838753
data\test\melanoma\ISIC_0014160.jpg,0.38965812,0.21437843
data\test\melanoma\ISIC_0014181.jpg,0.43635646,0.33953688
data\test\melanoma\ISIC_0014186.jpg,0.16213399,0.4919117
data\test\melanoma\ISIC_0014219.jpg,0.3417404,0.19960156
data\test\melanoma\ISIC_0014221.jpg,0.076465346,0.06592126
data\test\melanoma\ISIC_0014233.jpg,0.319472,0.29652113
data\test\melanoma\ISIC_0014255.jpg,0.12836507,0.17793152
data\test\melanoma\ISIC_0014270.jpg,0.20979577,0.22397003
data\test\melanoma\ISIC_0014284.jpg,0.36381415,0.39816186
data\test\melanoma\ISIC_0014288.jpg,0.14909708,0.2080331
data\test\melanoma\ISIC_0014319.jpg,0.27839613,0.05031019
data\test\melanoma\ISIC_0014336.jpg,0.350275,0.3090126
data\test\melanoma\ISIC_0014349.jpg,0.47534296,0.05356852
data\test\melanoma\ISIC_0014369.jpg,0.18085223,0.013508284
data\test\melanoma\ISIC_0014423.jpg,0.22752963,0.28763983
data\test\melanoma\ISIC_0014434.jpg,0.100664385,0.49383545
data\test\melanoma\ISIC_0014454.jpg,0.27023202,0.16727394
data\test\melanoma\ISIC_0014478.jpg,0.25928742,0.03955956
data\test\melanoma\ISIC_0014489.jpg,0.27772552,0.0581362
data\test\melanoma\ISIC_0014506.jpg,0.3814199,0.39378822
data\test\melanoma\ISIC_0014513.jpg,0.23495765,0.38554305
data\test\melanoma\ISIC_0014541.jpg,0.49728942,0.10371869
data\test\melanoma\ISIC_0014542.jpg,0.268466,0.11937608
data\test\melanoma\ISIC_0014546.jpg,0.3796023,0.21577044
data\test\melanoma\ISIC_0014548.jpg,0.42672214,0.13589223
data\test\melanoma\ISIC_0014559.jpg,0.5165648,0.23274854
data\test\melanoma\ISIC_0014663.jpg,0.4829417,0.13854565
data\test\melanoma\ISIC_0014666.jpg,0.3841348,0.37949318
data\test\melanoma\ISIC_0014695.jpg,0.16626818,0.3493937
data\test\melanoma\ISIC_0014703.jpg,0.38669896,0.32098508
data\test\melanoma\ISIC_0014727.jpg,0.17474015,0.562701
data\test\melanoma\ISIC_0014766.jpg,0.34300667,0.29436687
data\test\melanoma\ISIC_0014772.jpg,0.29652295,0.18532264
data\test\melanoma\ISIC_0014784.jpg,0.25834426,0.3370406
data\test\melanoma\ISIC_0014790.jpg,0.22506289,0.38642666
data\test\melanoma\ISIC_0014800.jpg,0.3149193,0.050767604
data\test\melanoma\ISIC_0014826.jpg,0.22137912,0.013295094
data\test\melanoma\ISIC_0014862.jpg,0.2490564,0.07826378
data\test\melanoma\ISIC_0014872.jpg,0.19393668,0.43025067
data\test\melanoma\ISIC_0014883.jpg,0.13946453,0.028476043
data\test\melanoma\ISIC_0014912.jpg,0.34742275,0.20258516
data\test\melanoma\ISIC_0014928.jpg,0.02798978,0.015493887
data\test\melanoma\ISIC_0014932.jpg,0.20666045,0.04356582
data\test\melanoma\ISIC_0014963.jpg,0.40295172,0.14617324
data\test\melanoma\ISIC_0014982.jpg,0.2707369,0.15689617
data\test\melanoma\ISIC_0015004.jpg,0.1029918,0.071888626
data\test\melanoma\ISIC_0015041.jpg,0.29367363,0.04675625
data\test\melanoma\ISIC_0015046.jpg,0.25885317,0.24105972
data\test\melanoma\ISIC_0015050.jpg,0.29603133,0.23178944
data\test\melanoma\ISIC_0015071.jpg,0.31581095,0.022491733
data\test\melanoma\ISIC_0015115.jpg,0.14693443,0.023674175
data\test\melanoma\ISIC_0015119.jpg,0.38634253,0.18399908
data\test\melanoma\ISIC_0015127.jpg,0.13099709,0.0053241528
data\test\melanoma\ISIC_0015132.jpg,0.40901405,0.102525614
data\test\melanoma\ISIC_0015133.jpg,0.26056215,0.12454273
data\test\melanoma\ISIC_0015136.jpg,0.34745947,0.05722698
data\test\melanoma\ISIC_0015142.jpg,0.3664366,0.3663932
data\test\melanoma\ISIC_0015156.jpg,0.19708481,0.08461954
data\test\melanoma\ISIC_0015163.jpg,0.32843444,0.32176045
data\test\melanoma\ISIC_0015167.jpg,0.2432097,0.41857132
data\test\melanoma\ISIC_0015180.jpg,0.29888278,0.19410017
data\test\melanoma\ISIC_0015185.jpg,0.36796358,0.3681733
data\test\melanoma\ISIC_0015193.jpg,0.19792816,0.16842763
data\test\melanoma\ISIC_0015206.jpg,0.25145853,0.09101919
data\test\melanoma\ISIC_0015229.jpg,0.39611608,0.34980395
data\test\melanoma\ISIC_0015251.jpg,0.28577372,0.05391057
data\test\nevus\ISIC_0012092.jpg,0.09306814,0.034787036
data\test\nevus\ISIC_0012095.jpg,0.017880192,0.029705223
data\test\nevus\ISIC_0012147.jpg,0.016462222,0.025693385
data\test\nevus\ISIC_0012149.jpg,0.081002794,0.19970301
data\test\nevus\ISIC_0012152.jpg,0.119689114,0.4596369
data\test\nevus\ISIC_0012216.jpg,0.14653547,0.18599148
data\test\nevus\ISIC_0012357.jpg,0.34888744,0.19785333
data\test\nevus\ISIC_0012484.jpg,0.12226619,0.50232404
data\test\nevus\ISIC_0012493.jpg,0.059073165,0.09248709
data\test\nevus\ISIC_0012551.jpg,0.123034105,0.18498822
data\test\nevus\ISIC_0012654.jpg,0.034285847,0.010274127
data\test\nevus\ISIC_0012656.jpg,0.1430761,0.011162795
data\test\nevus\ISIC_0012708.jpg,0.16532436,0.122091874
data\test\nevus\ISIC_0012722.jpg,0.050732087,0.04221673
data\test\nevus\ISIC_0012803.jpg,0.16162816,0.43750542
data\test\nevus\ISIC_0012836.jpg,0.041374363,0.031190187
data\test\nevus\ISIC_0012837.jpg,0.050798215,0.75332063
data\test\nevus\ISIC_0012903.jpg,0.022871478,0.0034105664
data\test\nevus\ISIC_0012904.jpg,0.09988573,0.13271266
data\test\nevus\ISIC_0012941.jpg,0.06331447,0.31553677
data\test\nevus\ISIC_0012967.jpg,0.046217326,0.06825845
data\test\nevus\ISIC_0013045.jpg,0.0967291,0.030149639
data\test\nevus\ISIC_0013070.jpg,0.106775075,0.08807812
data\test\nevus\ISIC_0013109.jpg,0.0569811,0.0650339
data\test\nevus\ISIC_0013159.jpg,0.19799039,0.61271626
data\test\nevus\ISIC_0013164.jpg,0.10057441,0.08396137
data\test\nevus\ISIC_0013176.jpg,0.14389756,0.06669839
data\test\nevus\ISIC_0013191.jpg,0.16415112,0.10217293
data\test\nevus\ISIC_0013216.jpg,0.08874205,0.1518587
data\test\nevus\ISIC_0013226.jpg,0.13253504,0.49419567
data\test\nevus\ISIC_0013230.jpg,0.012909383,0.006951177
data\test\nevus\ISIC_0013269.jpg,0.1729181,0.0778692
data\test\nevus\ISIC_0013291.jpg,0.27818868,0.07596316
data\test\nevus\ISIC_0013325.jpg,0.09535225,0.17429295
data\test\nevus\ISIC_0013399.jpg,0.030015329,0.029444547
data\test\nevus\ISIC_0013416.jpg,0.13423645,0.10529475
data\test\nevus\ISIC_0013511.jpg,0.23035312,0.38061702
data\test\nevus\ISIC_0013512.jpg,0.15356052,0.22465388
data\test\nevus\ISIC_0013529.jpg,0.21672794,0.049186572
data\test\nevus\ISIC_0013600.jpg,0.034696497,0.0068371166
data\test\nevus\ISIC_0013602.jpg,0.1484966,0.045297004
data\test\nevus\ISIC_0013738.jpg,0.13319053,0.06362427
data\test\nevus\ISIC_0013794.jpg,0.0138631,0.0071655046
data\test\nevus\ISIC_0013809.jpg,0.33387965,0.18965507
data\test\nevus\ISIC_0013891.jpg,0.08406995,0.10353054
data\test\nevus\ISIC_0013897.jpg,0.34639052,0.40828106
data\test\nevus\ISIC_0013911.jpg,0.43917865,0.23536919
data\test\nevus\ISIC_0013966.jpg,0.14029472,0.33792993
data\test\nevus\ISIC_0013998.jpg,0.20510381,0.12055596
data\test\nevus\ISIC_0014090.jpg,0.07702954,0.036003947
data\test\nevus\ISIC_0014117.jpg,0.05718592,0.036356464
data\test\nevus\ISIC_0014470.jpg,0.1776125,0.24128266
data\test\nevus\ISIC_0014675.jpg,0.035945915,0.014130254
data\test\nevus\ISIC_0014677.jpg,0.025548287,0.015440611
data\test\nevus\ISIC_0014687.jpg,0.2823927,0.046254348
data\test\nevus\ISIC_0014693.jpg,0.24243073,0.14830607
data\test\nevus\ISIC_0014697.jpg,0.1329092,0.30211073
data\test\nevus\ISIC_0014698.jpg,0.092382796,0.16547887
data\test\nevus\ISIC_0014720.jpg,0.25257125,0.06972059
data\test\nevus\ISIC_0014725.jpg,0.2589061,0.082153365
data\test\nevus\ISIC_0014728.jpg,0.22562028,0.15469931
data\test\nevus\ISIC_0014729.jpg,0.18671818,0.2286225
data\test\nevus\ISIC_0014740.jpg,0.34558028,0.39385816
data\test\nevus\ISIC_0014743.jpg,0.10435895,0.03375069
data\test\nevus\ISIC_0014746.jpg,0.36189187,0.14352289
data\test\nevus\ISIC_0014749.jpg,0.28767228,0.14526653
data\test\nevus\ISIC_0014753.jpg,0.47549045,0.09721671
data\test\nevus\ISIC_0014755.jpg,0.32108128,0.111418605
data\test\nevus\ISIC_0014765.jpg,0.021676578,0.030414985
data\test\nevus\ISIC_0014768.jpg,0.04231658,0.017221402
data\test\nevus\ISIC_0014773.jpg,0.11124317,0.09027483
data\test\nevus\ISIC_0014780.jpg,0.1591082,0.08268166
data\test\nevus\ISIC_0014786.jpg,0.32378864,0.17506291
data\test\nevus\ISIC_0014787.jpg,0.25688583,0.05229857
data\test\nevus\ISIC_0014792.jpg,0.17145646,0.6009373
data\test\nevus\ISIC_0014796.jpg,0.13869742,0.09687553
data\test\nevus\ISIC_0014798.jpg,0.24595073,0.29778847
data\test\nevus\ISIC_0014807.jpg,0.31275848,0.24884912
data\test\nevus\ISIC_0014814.jpg,0.049823117,0.020309845
data\test\nevus\ISIC_0014815.jpg,0.14985175,0.03237475
data\test\nevus\ISIC_0014820.jpg,0.1383983,0.15863767
data\test\nevus\ISIC_0014822.jpg,0.107234284,0.07588635
data\test\nevus\ISIC_0014833.jpg,0.16949211,0.17565998
data\test\nevus\ISIC_0014835.jpg,0.19131744,0.12605979
data\test\nevus\ISIC_0014844.jpg,0.12577409,0.029902797
data\test\nevus\ISIC_0014853.jpg,0.123198874,0.069716066
data\test\nevus\ISIC_0014854.jpg,0.3373693,0.24485615
data\test\nevus\ISIC_0014863.jpg,0.1038286,0.032989938
data\test\nevus\ISIC_0014867.jpg,0.030550057,0.00629833
data\test\nevus\ISIC_0014868.jpg,0.14446881,0.08435183
data\test\nevus\ISIC_0014876.jpg,0.024452828,0.023852848
data\test\nevus\ISIC_0014879.jpg,0.059378747,0.12902823
data\test\nevus\ISIC_0014901.jpg,0.17595083,0.08914435
data\test\nevus\ISIC_0014907.jpg,0.024405558,0.04057696
data\test\nevus\ISIC_0014910.jpg,0.3461694,0.11581958
data\test\nevus\ISIC_0014921.jpg,0.09864527,0.0133951055
data\test\nevus\ISIC_0014927.jpg,0.150919,0.015335884
data\test\nevus\ISIC_0014936.jpg,0.10592329,0.03701807
data\test\nevus\ISIC_0014938.jpg,0.17752478,0.06278757
data\test\nevus\ISIC_0014940.jpg,0.09001599,0.00843408
data\test\nevus\ISIC_0014941.jpg,0.12152054,0.015618346
data\test\nevus\ISIC_0014942.jpg,0.05192076,0.06961208
data\test\nevus\ISIC_0014943.jpg,0.10555505,0.026908617
data\test\nevus\ISIC_0014944.jpg,0.086209066,0.010001692
data\test\nevus\ISIC_0014947.jpg,0.085396565,0.0038191725
data\test\nevus\ISIC_0014948.jpg,0.27679268,0.16190262
data\test\nevus\ISIC_0014949.jpg,0.14805536,0.014593758
data\test\nevus\ISIC_0014952.jpg,0.08201217,0.014386208
data\test\nevus\ISIC_0014955.jpg,0.30842018,0.056683134
data\test\nevus\ISIC_0014956.jpg,0.3099679,0.15035973
data\test\nevus\ISIC_0014957.jpg,0.089250706,0.026039435
data\test\nevus\ISIC_0014958.jpg,0.108507834,0.08685842
data\test\nevus\ISIC_0014959.jpg,0.05008523,0.012406605
data\test\nevus\ISIC_0014961.jpg,0.1899079,0.1044709
data\test\nevus\ISIC_0014962.jpg,0.17324705,0.3177279
data\test\nevus\ISIC_0014964.jpg,0.12039174,0.03099558
data\test\nevus\ISIC_0014966.jpg,0.08726168,0.02982046
data\test\nevus\ISIC_0014968.jpg,0.2861159,0.1361913
data\test\nevus\ISIC_0014969.jpg,0.16117881,0.08350437
data\test\nevus\ISIC_0014973.jpg,0.2157585,0.19654138
data\test\nevus\ISIC_0014974.jpg,0.25857908,0.068198204
data\test\nevus\ISIC_0014977.jpg,0.2202498,0.013774595
data\test\nevus\ISIC_0014992.jpg,0.08397921,0.00682907
data\test\nevus\ISIC_0014994.jpg,0.077731,0.055572465
data\test\nevus\ISIC_0014998.jpg,0.31958264,0.081580445
data\test\nevus\ISIC_0015002.jpg,0.24243933,0.4461178
data\test\nevus\ISIC_0015003.jpg,0.3223781,0.114830464
data\test\nevus\ISIC_0015007.jpg,0.045601055,0.10901871
data\test\nevus\ISIC_0015008.jpg,0.21719338,0.32250497
data\test\nevus\ISIC_0015009.jpg,0.31513518,0.3767843
data\test\nevus\ISIC_0015011.jpg,0.17331682,0.5589463
data\test\nevus\ISIC_0015013.jpg,0.2162646,0.2685912
data\test\nevus\ISIC_0015015.jpg,0.25683036,0.12347477
data\test\nevus\ISIC_0015016.jpg,0.18531762,0.19463432
data\test\nevus\ISIC_0015018.jpg,0.055557754,0.034318235
data\test\nevus\ISIC_0015019.jpg,0.33214054,0.1751932
data\test\nevus\ISIC_0015020.jpg,0.1833973,0.09072961
data\test\nevus\ISIC_0015021.jpg,0.07802044,0.06435234
data\test\nevus\ISIC_0015023.jpg,0.09422414,0.022661185
data\test\nevus\ISIC_0015026.jpg,0.08412968,0.13780539
data\test\nevus\ISIC_0015030.jpg,0.34303963,0.042764574
data\test\nevus\ISIC_0015031.jpg,0.10455033,0.6067116
data\test\nevus\ISIC_0015034.jpg,0.1949416,0.10132665
data\test\nevus\ISIC_0015035.jpg,0.23126021,0.24421643
data\test\nevus\ISIC_0015037.jpg,0.4168288,0.16571692
data\test\nevus\ISIC_0015040.jpg,0.08406365,0.11471701
data\test\nevus\ISIC_0015051.jpg,0.19030805,0.05745143
data\test\nevus\ISIC_0015056.jpg,0.47191578,0.14317364
data\test\nevus\ISIC_0015057.jpg,0.08093951,0.18655014
data\test\nevus\ISIC_0015060.jpg,0.08810549,0.09420311
data\test\nevus\ISIC_0015064.jpg,0.4323096,0.10408079
data\test\nevus\ISIC_0015078.jpg,0.13600343,0.50179905
data\test\nevus\ISIC_0015089.jpg,0.12833142,0.11342984
data\test\nevus\ISIC_0015102.jpg,0.17372197,0.14002593
data\test\nevus\ISIC_0015118.jpg,0.15282938,0.14586201
data\test\nevus\ISIC_0015125.jpg,0.12579638,0.013142713
data\test\nevus\ISIC_0015129.jpg,0.13092443,0.13325095
data\test\nevus\ISIC_0015130.jpg,0.122840844,0.022852656
data\test\nevus\ISIC_0015139.jpg,0.14945453,0.18487318
data\test\nevus\ISIC_0015140.jpg,0.28425053,0.09526437
data\test\nevus\ISIC_0015146.jpg,0.07663619,0.019618142
data\test\nevus\ISIC_0015149.jpg,0.3799689,0.20954503
data\test\nevus\ISIC_0015150.jpg,0.26040938,0.09771562
data\test\nevus\ISIC_0015152.jpg,0.06099093,0.08397089
data\test\nevus\ISIC_0015155.jpg,0.0580089,0.061367184
data\test\nevus\ISIC_0015157.jpg,0.11168093,0.053335316
data\test\nevus\ISIC_0015160.jpg,0.050530933,0.26217568
data\test\nevus\ISIC_0015161.jpg,0.16047075,0.5135718
data\test\nevus\ISIC_0015171.jpg,0.25887188,0.34680545
data\test\nevus\ISIC_0015173.jpg,0.18452649,0.2231017
data\test\nevus\ISIC_0015174.jpg,0.116303034,0.027502572
data\test\nevus\ISIC_0015175.jpg,0.11031859,0.08363212
data\test\nevus\ISIC_0015176.jpg,0.18253398,0.16671327
data\test\nevus\ISIC_0015179.jpg,0.16887745,0.06121896
data\test\nevus\ISIC_0015184.jpg,0.15147018,0.077614784
data\test\nevus\ISIC_0015201.jpg,0.10445269,0.02160263
data\test\nevus\ISIC_0015202.jpg,0.04349058,0.0062410138
data\test\nevus\ISIC_0015203.jpg,0.34500873,0.26120937
data\test\nevus\ISIC_0015207.jpg,0.10920635,0.06007697
data\test\nevus\ISIC_0015208.jpg,0.2427009,0.036651794
data\test\nevus\ISIC_0015212.jpg,0.012774366,0.0034892696
data\test\nevus\ISIC_0015215.jpg,0.11680513,0.08046482
data\test\nevus\ISIC_0015216.jpg,0.15895066,0.23496059
data\test\nevus\ISIC_0015217.jpg,0.16074994,0.08399828
data\test\nevus\ISIC_0015218.jpg,0.05527782,0.01175001
data\test\nevus\ISIC_0015223.jpg,0.087764524,0.025062894
data\test\nevus\ISIC_0015224.jpg,0.06792665,0.095988296
data\test\nevus\ISIC_0015226.jpg,0.059314903,0.062319074
data\test\nevus\ISIC_0015232.jpg,0.30268463,0.3329272
data\test\nevus\ISIC_0015237.jpg,0.5185733,0.12723383
data\test\nevus\ISIC_0015241.jpg,0.038315777,0.020878792
data\test\nevus\ISIC_0015244.jpg,0.107104905,0.051499702
data\test\nevus\ISIC_0015245.jpg,0.0956206,0.2999909
data\test\nevus\ISIC_0015250.jpg,0.25632253,0.0938915
data\test\nevus\ISIC_0015254.jpg,0.3243297,0.15168002
data\test\nevus\ISIC_0015255.jpg,0.28683928,0.34008408
data\test\nevus\ISIC_0015258.jpg,0.3121647,0.41446823
data\test\nevus\ISIC_0015264.jpg,0.16653942,0.4321164
data\test\nevus\ISIC_0015270.jpg,0.1586278,0.048974227
data\test\nevus\ISIC_0015273.jpg,0.065268256,0.030978676
data\test\nevus\ISIC_0015274.jpg,0.15454927,0.14306654
data\test\nevus\ISIC_0015276.jpg,0.09545166,0.057090305
data\test\nevus\ISIC_0015279.jpg,0.024529945,0.06938064
data\test\nevus\ISIC_0015283.jpg,0.08612169,0.01767057
data\test\nevus\ISIC_0015291.jpg,0.08080206,0.0472224
data\test\nevus\ISIC_0015293.jpg,0.21355516,0.25519726
data\test\nevus\ISIC_0015298.jpg,0.016746636,0.005088261
data\test\nevus\ISIC_0015309.jpg,0.09799729,0.16779
data\test\nevus\ISIC_0015310.jpg,0.14488545,0.07399764
data\test\nevus\ISIC_0015311.jpg,0.15965426,0.067923784
data\test\nevus\ISIC_0015312.jpg,0.32082486,0.07326418
data\test\nevus\ISIC_0015330.jpg,0.04417758,0.011865727
data\test\nevus\ISIC_0015331.jpg,0.05333199,0.014306674
data\test\nevus\ISIC_0015347.jpg,0.04512985,0.0751261
data\test\nevus\ISIC_0015353.jpg,0.17976408,0.08907675
data\test\nevus\ISIC_0015355.jpg,0.05453993,0.029682074
data\test\nevus\ISIC_0015357.jpg,0.026520278,0.015589839
data\test\nevus\ISIC_0015360.jpg,0.17485611,0.031174602
data\test\nevus\ISIC_0015363.jpg,0.17092454,0.40674207
data\test\nevus\ISIC_0015364.jpg,0.11121584,0.6001799
data\test\nevus\ISIC_0015368.jpg,0.24720317,0.20647034
data\test\nevus\ISIC_0015369.jpg,0.07141742,0.04626592
data\test\nevus\ISIC_0015383.jpg,0.30011067,0.03716131
data\test\nevus\ISIC_0015386.jpg,0.33844805,0.10587452
data\test\nevus\ISIC_0015390.jpg,0.15658571,0.29480577
data\test\nevus\ISIC_0015395.jpg,0.081659056,0.41019544
data\test\nevus\ISIC_0015403.jpg,0.2716157,0.23780833
data\test\nevus\ISIC_0015404.jpg,0.21802789,0.123341925
data\test\nevus\ISIC_0015411.jpg,0.03080352,0.007006841
data\test\nevus\ISIC_0015412.jpg,0.26708648,0.37181282
data\test\nevus\ISIC_0015416.jpg,0.2652461,0.23135918
data\test\nevus\ISIC_0015417.jpg,0.08693729,0.022162365
data\test\nevus\ISIC_0015418.jpg,0.117362775,0.063863754
data\test\nevus\ISIC_0015419.jpg,0.22953953,0.17079522
data\test\nevus\ISIC_0015436.jpg,0.1659344,0.49157745
data\test\nevus\ISIC_0015440.jpg,0.025923435,0.020866912
data\test\nevus\ISIC_0015447.jpg,0.12963687,0.09319283
data\test\nevus\ISIC_0015455.jpg,0.29411188,0.18779437
data\test\nevus\ISIC_0015464.jpg,0.24644254,0.06537305
data\test\nevus\ISIC_0015466.jpg,0.078709535,0.06774372
data\test\nevus\ISIC_0015468.jpg,0.08471452,0.13063294
data\test\nevus\ISIC_0015476.jpg,0.06461005,0.03055975
data\test\nevus\ISIC_0015481.jpg,0.20076902,0.059962306
data\test\nevus\ISIC_0015482.jpg,0.50286233,0.082191624
data\test\nevus\ISIC_0015485.jpg,0.20674677,0.44855234
data\test\nevus\ISIC_0015510.jpg,0.07475537,0.024764366
data\test\nevus\ISIC_0015526.jpg,0.0524049,0.012184542
data\test\nevus\ISIC_0015537.jpg,0.40071148,0.28567258
data\test\nevus\ISIC_0015544.jpg,0.3629482,0.035492312
data\test\nevus\ISIC_0015559.jpg,0.1268175,0.05823939
data\test\nevus\ISIC_0015563.jpg,0.095581174,0.1680949
data\test\nevus\ISIC_0015566.jpg,0.10689309,0.048338763
data\test\nevus\ISIC_0015568.jpg,0.19981004,0.02204538
data\test\nevus\ISIC_0015582.jpg,0.03870775,0.014955806
data\test\nevus\ISIC_0015593.jpg,0.08318931,0.068096936
data\test\nevus\ISIC_0015603.jpg,0.035375364,0.019457955
data\test\nevus\ISIC_0015607.jpg,0.2272931,0.3991292
data\test\nevus\ISIC_0015614.jpg,0.29141015,0.32145342
data\test\nevus\ISIC_0015617.jpg,0.1574142,0.05783876
data\test\nevus\ISIC_0015625.jpg,0.07967273,0.024936963
data\test\nevus\ISIC_0015631.jpg,0.0541592,0.025660876
data\test\nevus\ISIC_0015636.jpg,0.27067894,0.35202998
data\test\nevus\ISIC_0015638.jpg,0.07369469,0.03343067
data\test\nevus\ISIC_0015641.jpg,0.24773848,0.27213076
data\test\nevus\ISIC_0015645.jpg,0.13018039,0.061764807
data\test\nevus\ISIC_0015936.jpg,0.148737,0.101567
data\test\nevus\ISIC_0015937.jpg,0.009326661,0.004355248
data\test\nevus\ISIC_0015938.jpg,0.09931816,0.024388283
data\test\nevus\ISIC_0015939.jpg,0.32801196,0.16309664
data\test\nevus\ISIC_0015940.jpg,0.022421667,0.009517499
data\test\nevus\ISIC_0015941.jpg,0.019836092,0.00875586
data\test\nevus\ISIC_0015942.jpg,0.04547705,0.024866465
data\test\nevus\ISIC_0015943.jpg,0.13108093,0.22957827
data\test\nevus\ISIC_0015944.jpg,0.12136131,0.6887877
data\test\nevus\ISIC_0015945.jpg,0.09675661,0.027285703
data\test\nevus\ISIC_0015946.jpg,0.09634357,0.040747132
data\test\nevus\ISIC_0015947.jpg,0.06454408,0.02554642
data\test\nevus\ISIC_0015948.jpg,0.041179247,0.021592818
data\test\nevus\ISIC_0015949.jpg,0.008581629,0.003094762
data\test\nevus\ISIC_0015950.jpg,0.054791454,0.0108075
data\test\nevus\ISIC_0015951.jpg,0.14141843,0.10786962
data\test\nevus\ISIC_0015952.jpg,0.32348442,0.22113079
data\test\nevus\ISIC_0015953.jpg,0.17555007,0.08631472
data\test\nevus\ISIC_0015954.jpg,0.03720742,0.012814116
data\test\nevus\ISIC_0015955.jpg,0.14736924,0.16152325
data\test\nevus\ISIC_0015956.jpg,0.015091895,0.0035469253
data\test\nevus\ISIC_0015957.jpg,0.097475715,0.54969716
data\test\nevus\ISIC_0015958.jpg,0.19624545,0.35777012
data\test\nevus\ISIC_0015959.jpg,0.11713692,0.041918393
data\test\nevus\ISIC_0015960.jpg,0.13311125,0.047664616
data\test\nevus\ISIC_0015961.jpg,0.08667704,0.015652074
data\test\nevus\ISIC_0015962.jpg,0.073778056,0.048873737
data\test\nevus\ISIC_0015963.jpg,0.048843045,0.026923615
data\test\nevus\ISIC_0015964.jpg,0.018143846,0.027753526
data\test\nevus\ISIC_0015965.jpg,0.28098145,0.15184532
data\test\nevus\ISIC_0015966.jpg,0.1681604,0.2504543
data\test\nevus\ISIC_0015967.jpg,0.04583471,0.055323314
data\test\nevus\ISIC_0015968.jpg,0.27847967,0.37232384
data\test\nevus\ISIC_0015969.jpg,0.14219445,0.05246573
data\test\nevus\ISIC_0015971.jpg,0.029244518,0.026554922
data\test\nevus\ISIC_0015972.jpg,0.0849775,0.6267952
data\test\nevus\ISIC_0015973.jpg,0.054793738,0.7081549
data\test\nevus\ISIC_0015974.jpg,0.07307629,0.6968578
data\test\nevus\ISIC_0015975.jpg,0.01716141,0.007341248
data\test\nevus\ISIC_0015976.jpg,0.14430031,0.091853976
data\test\nevus\ISIC_0015978.jpg,0.10345824,0.46012267
data\test\nevus\ISIC_0015979.jpg,0.119689114,0.4596369
data\test\nevus\ISIC_0015980.jpg,0.081743695,0.051467147
data\test\nevus\ISIC_0015981.jpg,0.074232414,0.03822934
data\test\nevus\ISIC_0015982.jpg,0.017555417,0.004933376
data\test\nevus\ISIC_0015983.jpg,0.25135556,0.52641493
data\test\nevus\ISIC_0015984.jpg,0.080249004,0.68473595
data\test\nevus\ISIC_0015985.jpg,0.022992784,0.006551029
data\test\nevus\ISIC_0015986.jpg,0.068240896,0.06551865
data\test\nevus\ISIC_0015987.jpg,0.071727045,0.096371226
data\test\nevus\ISIC_0015988.jpg,0.11226446,0.07552623
data\test\nevus\ISIC_0015989.jpg,0.15604985,0.21098383
data\test\nevus\ISIC_0015990.jpg,0.07821533,0.02936292
data\test\nevus\ISIC_0015991.jpg,0.1822229,0.18155125
data\test\nevus\ISIC_0015992.jpg,0.036288008,0.016904037
data\test\nevus\ISIC_0015993.jpg,0.13767421,0.16405186
data\test\nevus\ISIC_0015994.jpg,0.05133091,0.016735666
data\test\nevus\ISIC_0015995.jpg,0.22095694,0.044221908
data\test\nevus\ISIC_0015996.jpg,0.26625526,0.07621863
data\test\nevus\ISIC_0015997.jpg,0.0137724,0.006016897
data\test\nevus\ISIC_0015998.jpg,0.1841377,0.20576079
data\test\nevus\ISIC_0015999.jpg,0.039785337,0.03310828
data\test\nevus\ISIC_0016000.jpg,0.063943096,0.04608605
data\test\nevus\ISIC_0016001.jpg,0.14653547,0.18599148
data\test\nevus\ISIC_0016002.jpg,0.009172762,0.006579544
data\test\nevus\ISIC_0016003.jpg,0.026785005,0.0018817263
data\test\nevus\ISIC_0016004.jpg,0.16918741,0.10768663
data\test\nevus\ISIC_0016005.jpg,0.18729554,0.19906746
data\test\nevus\ISIC_0016006.jpg,0.06167779,0.18358733
data\test\nevus\ISIC_0016007.jpg,0.07605846,0.065978125
data\test\nevus\ISIC_0016008.jpg,0.39679602,0.19351967
data\test\nevus\ISIC_0016009.jpg,0.06881558,0.09573465
data\test\nevus\ISIC_0016011.jpg,0.060907118,0.49610066
data\test\nevus\ISIC_0016012.jpg,0.05825162,0.019815864
data\test\nevus\ISIC_0016013.jpg,0.03524159,0.05074807
data\test\nevus\ISIC_0016014.jpg,0.024837742,0.004073787
data\test\nevus\ISIC_0016015.jpg,0.17561541,0.13120593
data\test\nevus\ISIC_0016016.jpg,0.21391955,0.1366915
data\test\nevus\ISIC_0016017.jpg,0.031680603,0.027690051
data\test\nevus\ISIC_0016018.jpg,0.072665825,0.031299982
data\test\nevus\ISIC_0016019.jpg,0.14137253,0.36780983
data\test\nevus\ISIC_0016022.jpg,0.22877906,0.06326912
data\test\nevus\ISIC_0016023.jpg,0.08758808,0.62743914
data\test\nevus\ISIC_0016024.jpg,0.29212034,0.19692943
data\test\nevus\ISIC_0016025.jpg,0.04027316,0.01278648
data\test\nevus\ISIC_0016026.jpg,0.13644247,0.13190573
data\test\nevus\ISIC_0016027.jpg,0.096913576,0.5071885
data\test\nevus\ISIC_0016028.jpg,0.062100556,0.39928302
data\test\nevus\ISIC_0016029.jpg,0.105972536,0.048393928
data\test\nevus\ISIC_0016030.jpg,0.11864189,0.32504886
data\test\nevus\ISIC_0016031.jpg,0.20505838,0.13591711
data\test\nevus\ISIC_0016033.jpg,0.08261696,0.27451587
data\test\nevus\ISIC_0016034.jpg,0.18474086,0.12261444
data\test\nevus\ISIC_0016035.jpg,0.33034685,0.30761072
data\test\nevus\ISIC_0016036.jpg,0.23216069,0.23403199
data\test\nevus\ISIC_0016037.jpg,0.20170529,0.12651823
data\test\nevus\ISIC_0016038.jpg,0.010905255,0.0017491257
data\test\nevus\ISIC_0016040.jpg,0.10272702,0.069149345
data\test\nevus\ISIC_0016041.jpg,0.06052034,0.67929405
data\test\nevus\ISIC_0016042.jpg,0.09812561,0.03267692
data\test\nevus\ISIC_0016043.jpg,0.17917025,0.18797526
data\test\nevus\ISIC_0016044.jpg,0.10414349,0.09366686
data\test\nevus\ISIC_0016045.jpg,0.0845723,0.10721862
data\test\nevus\ISIC_0016046.jpg,0.19811189,0.085333005
data\test\nevus\ISIC_0016048.jpg,0.20158574,0.048208505
data\test\nevus\ISIC_0016049.jpg,0.14822094,0.026071025
data\test\nevus\ISIC_0016050.jpg,0.26502976,0.06277121
data\test\nevus\ISIC_0016051.jpg,0.01626195,0.018931732
data\test\nevus\ISIC_0016052.jpg,0.23051323,0.17787425
data\test\nevus\ISIC_0016053.jpg,0.21070027,0.13913438
data\test\nevus\ISIC_0016054.jpg,0.26562926,0.26316106
data\test\nevus\ISIC_0016055.jpg,0.047994565,0.010778501
data\test\nevus\ISIC_0016056.jpg,0.31044307,0.24831364
data\test\nevus\ISIC_0016057.jpg,0.05671497,0.028959496
data\test\nevus\ISIC_0016058.jpg,0.047339503,0.11533164
data\test\nevus\ISIC_0016059.jpg,0.106591016,0.006997151
data\test\nevus\ISIC_0016060.jpg,0.0928324,0.0826624
data\test\nevus\ISIC_0016061.jpg,0.13438585,0.051686402
data\test\nevus\ISIC_0016062.jpg,0.23334052,0.10512764
data\test\nevus\ISIC_0016063.jpg,0.11795155,0.016278295
data\test\nevus\ISIC_0016064.jpg,0.11580603,0.17210741
data\test\nevus\ISIC_0016065.jpg,0.06652994,0.21819952
data\test\nevus\ISIC_0016066.jpg,0.3867105,0.1658353
data\test\nevus\ISIC_0016068.jpg,0.6912847,0.058295604
data\test\nevus\ISIC_0016069.jpg,0.093353964,0.043437146
data\test\nevus\ISIC_0016070.jpg,0.042209234,0.063881606
data\test\nevus\ISIC_0016071.jpg,0.18302733,0.08501392
data\test\nevus\ISIC_0016072.jpg,0.37347892,0.2120498
data\test\seborrheic_keratosis\ISIC_0012086.jpg,0.14172724,0.59456426
data\test\seborrheic_keratosis\ISIC_0012134.jpg,0.28718215,0.2740787
data\test\seborrheic_keratosis\ISIC_0012136.jpg,0.25231585,0.4976848
data\test\seborrheic_keratosis\ISIC_0012178.jpg,0.2659249,0.22142237
data\test\seborrheic_keratosis\ISIC_0012199.jpg,0.5275107,0.13912728
data\test\seborrheic_keratosis\ISIC_0012207.jpg,0.16837548,0.36200973
data\test\seborrheic_keratosis\ISIC_0012215.jpg,0.18454613,0.5222807
data\test\seborrheic_keratosis\ISIC_0012223.jpg,0.2927795,0.2882288
data\test\seborrheic_keratosis\ISIC_0012240.jpg,0.24369478,0.6006674
data\test\seborrheic_keratosis\ISIC_0012248.jpg,0.3627814,0.45138687
data\test\seborrheic_keratosis\ISIC_0012265.jpg,0.40694287,0.20692094
data\test\seborrheic_keratosis\ISIC_0012266.jpg,0.22008082,0.19716497
data\test\seborrheic_keratosis\ISIC_0012272.jpg,0.08552275,0.18546835
data\test\seborrheic_keratosis\ISIC_0012273.jpg,0.11428917,0.58933747
data\test\seborrheic_keratosis\ISIC_0012314.jpg,0.06650966,0.07388551
data\test\seborrheic_keratosis\ISIC_0012323.jpg,0.1374054,0.7465482
data\test\seborrheic_keratosis\ISIC_0012330.jpg,0.062180556,0.6965719
data\test\seborrheic_keratosis\ISIC_0012358.jpg,0.23293291,0.3455085
data\test\seborrheic_keratosis\ISIC_0012364.jpg,0.16590644,0.24391551
data\test\seborrheic_keratosis\ISIC_0012372.jpg,0.18674448,0.60541433
data\test\seborrheic_keratosis\ISIC_0012375.jpg,0.2480599,0.24714857
data\test\seborrheic_keratosis\ISIC_0012387.jpg,0.11045449,0.5688147
data\test\seborrheic_keratosis\ISIC_0012388.jpg,0.09827108,0.38073525
data\test\seborrheic_keratosis\ISIC_0012414.jpg,0.22819737,0.1957679
data\test\seborrheic_keratosis\ISIC_0012428.jpg,0.19117907,0.046127856
data\test\seborrheic_keratosis\ISIC_0012432.jpg,0.042486243,0.08984333
data\test\seborrheic_keratosis\ISIC_0012447.jpg,0.2622097,0.49418467
data\test\seborrheic_keratosis\ISIC_0012448.jpg,0.046392456,0.87545323
data\test\seborrheic_keratosis\ISIC_0012510.jpg,0.3100108,0.30885318
data\test\seborrheic_keratosis\ISIC_0012522.jpg,0.12962596,0.24648114
data\test\seborrheic_keratosis\ISIC_0012537.jpg,0.29724652,0.2986834
data\test\seborrheic_keratosis\ISIC_0012548.jpg,0.16904624,0.31729496
data\test\seborrheic_keratosis\ISIC_0012705.jpg,0.20494981,0.4978432
data\test\seborrheic_keratosis\ISIC_0012757.jpg,0.064164154,0.30529493
data\test\seborrheic_keratosis\ISIC_0012786.jpg,0.07745916,0.5094127
data\test\seborrheic_keratosis\ISIC_0012848.jpg,0.30739772,0.12142815
data\test\seborrheic_keratosis\ISIC_0012852.jpg,0.09315482,0.25393546
data\test\seborrheic_keratosis\ISIC_0012928.jpg,0.07093256,0.6809129
data\test\seborrheic_keratosis\ISIC_0012955.jpg,0.08508667,0.4195573
data\test\seborrheic_keratosis\ISIC_0012974.jpg,0.093541145,0.6095401
data\test\seborrheic_keratosis\ISIC_0013030.jpg,0.09078788,0.5568752
data\test\seborrheic_keratosis\ISIC_0013035.jpg,0.22194296,0.42098168
data\test\seborrheic_keratosis\ISIC_0013085.jpg,0.07386142,0.6834629
data\test\seborrheic_keratosis\ISIC_0013169.jpg,0.273635,0.4230184
data\test\seborrheic_keratosis\ISIC_0013170.jpg,0.17749408,0.49173686
data\test\seborrheic_keratosis\ISIC_0013203.jpg,0.1505498,0.63473326
data\test\seborrheic_keratosis\ISIC_0013270.jpg,0.20712653,0.0993694
data\test\seborrheic_keratosis\ISIC_0013271.jpg,0.24418122,0.09614491
data\test\seborrheic_keratosis\ISIC_0013281.jpg,0.15759762,0.66240704
data\test\seborrheic_keratosis\ISIC_0013319.jpg,0.2551877,0.34383544
data\test\seborrheic_keratosis\ISIC_0013393.jpg,0.10696881,0.7172455
data\test\seborrheic_keratosis\ISIC_0013465.jpg,0.07426704,0.66661185
data\test\seborrheic_keratosis\ISIC_0013673.jpg,0.069715574,0.8247145
data\test\seborrheic_keratosis\ISIC_0013708.jpg,0.21134189,0.61321414
data\test\seborrheic_keratosis\ISIC_0013764.jpg,0.14286077,0.7827486
data\test\seborrheic_keratosis\ISIC_0013977.jpg,0.08112167,0.759405
data\test\seborrheic_keratosis\ISIC_0014006.jpg,0.39112943,0.39979464
data\test\seborrheic_keratosis\ISIC_0014177.jpg,0.17579085,0.22909278
data\test\seborrheic_keratosis\ISIC_0014251.jpg,0.17263849,0.58824503
data\test\seborrheic_keratosis\ISIC_0014278.jpg,0.1012164,0.13783209
data\test\seborrheic_keratosis\ISIC_0014386.jpg,0.08777956,0.2654138
data\test\seborrheic_keratosis\ISIC_0014392.jpg,0.4147875,0.4409068
data\test\seborrheic_keratosis\ISIC_0014409.jpg,0.1681521,0.09611592
data\test\seborrheic_keratosis\ISIC_0014419.jpg,0.21634789,0.16903305
data\test\seborrheic_keratosis\ISIC_0014457.jpg,0.17336401,0.15474665
data\test\seborrheic_keratosis\ISIC_0014474.jpg,0.12122975,0.7524006
data\test\seborrheic_keratosis\ISIC_0014500.jpg,0.33333218,0.24555074
data\test\seborrheic_keratosis\ISIC_0014503.jpg,0.11840313,0.19880919
data\test\seborrheic_keratosis\ISIC_0014567.jpg,0.16746935,0.64451474
data\test\seborrheic_keratosis\ISIC_0014574.jpg,0.21128169,0.3343857
data\test\seborrheic_keratosis\ISIC_0014575.jpg,0.19965903,0.3975997
data\test\seborrheic_keratosis\ISIC_0014586.jpg,0.31808263,0.11313583
data\test\seborrheic_keratosis\ISIC_0014587.jpg,0.09615518,0.19218712
data\test\seborrheic_keratosis\ISIC_0014588.jpg,0.087914295,0.35567883
data\test\seborrheic_keratosis\ISIC_0014590.jpg,0.14999259,0.32162318
data\test\seborrheic_keratosis\ISIC_0014600.jpg,0.13553274,0.12579541
data\test\seborrheic_keratosis\ISIC_0014619.jpg,0.34370324,0.33661836
data\test\seborrheic_keratosis\ISIC_0014626.jpg,0.184726,0.6012722
data\test\seborrheic_keratosis\ISIC_0014627.jpg,0.1704405,0.6021323
data\test\seborrheic_keratosis\ISIC_0014629.jpg,0.1227499,0.5944527
data\test\seborrheic_keratosis\ISIC_0014631.jpg,0.08877981,0.30448434
data\test\seborrheic_keratosis\ISIC_0014634.jpg,0.13816154,0.48955482
data\test\seborrheic_keratosis\ISIC_0014643.jpg,0.13412692,0.5972767
data\test\seborrheic_keratosis\ISIC_0014644.jpg,0.12043616,0.15238887
data\test\seborrheic_keratosis\ISIC_0014645.jpg,0.31686208,0.44968513
data\test\seborrheic_keratosis\ISIC_0014647.jpg,0.07406069,0.47734255
data\test\seborrheic_keratosis\ISIC_0014648.jpg,0.1037508,0.7474332
data\test\seborrheic_keratosis\ISIC_0014649.jpg,0.07877975,0.6946705
data\test\seborrheic_keratosis\ISIC_0014652.jpg,0.22169016,0.34254134
data\test\seborrheic_keratosis\ISIC_0014653.jpg,0.16509469,0.5604168
